"sample","k__Bacteria|p__Proteobacteria","k__Bacteria|p__Bacteroidota","k__Bacteria|p__Actinobacteriota","k__Bacteria|p__Verrucomicrobiota","k__Bacteria|p__Cyanobacteria","k__Bacteria|p__Firmicutes","k__Bacteria|p__Acidobacteriota","k__Bacteria|p__Deinococcota","k__Bacteria|p__Planctomycetota","k__Bacteria|p__Chloroflexi","k__Bacteria|p__Patescibacteria","k__Bacteria|p__Desulfobacterota","k__Bacteria|p__Myxococcota","k__Bacteria|p__Gemmatimonadota","k__Bacteria|p__Nitrospirota","k__Bacteria|p__Bdellovibrionota","k__Bacteria|p__MBNT15","k__Bacteria|p__SAR324_clade(Marine_group_B)","k__Bacteria|p__Methylomirabilota","k__Bacteria|p__Armatimonadota","k__Bacteria|p__Latescibacterota","k__Bacteria|p__Fusobacteriota","k__Bacteria|p__NB1-j","k__Archaea|p__Euryarchaeota","k__Bacteria|p__Sva0485","k__Bacteria|p__Sumerlaeota","k__Bacteria|p__Spirochaetota","k__Bacteria|p__Hydrogenedentes","k__Bacteria|p__Elusimicrobiota","k__Bacteria|p__Dependentiae","k__Bacteria|p__Nitrospinota","k__Bacteria|p__Campilobacterota","k__Bacteria|p__RCP2-54","k__Bacteria|p__Fibrobacterota","k__Bacteria|p__WPS-2","k__Bacteria|p__Dadabacteria","k__Bacteria|p__Abditibacteriota","k__Bacteria|p__GAL15","k__Bacteria|p__WS1","k__Bacteria|p__Zixibacteria","k__Bacteria|p__Modulibacteria","k__Bacteria|p__WS2","k__Bacteria|p__Entotheonellaeota","k__Bacteria|p__WS4","k__Bacteria|p__Schekmanbacteria","k__Bacteria|p__NKB15","k__Bacteria|p__PAUC34f","k__Bacteria|p__FW113","k__Bacteria|p__FCPU426","k__Bacteria|p__Margulisbacteria","k__Bacteria|p__LCP-89","k__Bacteria|p__GN01","sample-id","barcode-sequence","species"
"A1",0.825211237603844,0.0220941516177132,0.0813590210882583,0.00747911292040425,0.0150647321956877,0.0191119736810963,0.0061655345435611,0.00604719414925091,0.00540815601997586,0.00132541241627417,0.00524247946794159,0.00037868926179262,0.00140825069229131,0.00139641665286029,0.00056803389268893,0.000272182906913446,0,0.000343187143499562,0,0.000118340394310194,0,0,0,0,0,0.000485195616671795,0.000520697734964853,0,0,0,0,0,0,0,0,0,0,0,0,0,0,0,0,0,0,0,0,0,0,0,0,0,"A1","ACTCGCTA+CTCTCTAT","DJ"
"A2",0.453090013434841,0.13030303030303,0.0484475294820122,0.0468875951634572,0.0858710255261979,0.0119495447081654,0.0584042394387222,0.00173906553216898,0.0246230780713539,0.030713539334229,0.00451559934318555,0.0339752201821167,0.0169726824899239,0.0103896103896104,0.0120540379161069,0.00887445887445888,0.00494103597551873,0.000798626660695626,0.0028735632183908,0.000537393640841917,0.00294073742349604,3.73190028362442e-05,0.000537393640841917,0.00105985968054934,0.00232124197641439,0.000850873264666368,0.000977757874309598,0.000268696820420958,0.000738916256157636,0.00012688460964323,0.0003209434243917,0.000589640244812659,0.000604567845947156,0.000283624421555456,0,0.000283624421555456,0,0,0,0,0,0,0,9.7029407374235e-05,0,0,0,0,0,0,0,0,"A2","GGAGCTAC+CTCTCTAT","DJ"
"A3",0.520980056393156,0.110301407253859,0.0187075924757625,0.0446767693674439,0.0983918938057655,0.017754831399915,0.0425394945216238,0.000270378143145914,0.0701695657212015,0.0074933371100439,0.0238576523452085,0.0194801014561794,0.00484105627727922,0.00442905148772354,0.00115876347062535,0.00441617633804993,0.00113301317127812,0.00370804310600111,0.000167376945756994,0.00122313921899342,0.000141626646409765,0,0.000579381735312673,0.000721008381722437,0.000154501796083379,0.000231752694125069,0.000450630238576523,0.000141626646409765,0.00012875149673615,0.000540756286291828,0.000193127245104224,0.000721008381722437,6.43757483680748e-05,0.00010300119738892,0.00012875149673615,0,0,0,0,0,0,0,0,0,0,0,0,0,0,0,0,0,"A3","GCGTAGTA+CTCTCTAT","DJ"
"A4",0.53576238399569,0.137695176995845,0.0333667980770016,0.0523029457136561,0.0593550282817895,0.0114351477754108,0.053568076266967,0.0002611882432642,0.0369499742892823,0.00877429254715672,0.0318812899434364,0.00888856240358481,0.00627667997094281,0.00713370389415346,0.00289755707371222,0.00452998359411347,0.00110188790127084,0.00265269309565203,0.000301998906274231,0.000808051127598619,0.000489727956120375,0,0.000212215447652163,0.000620322077752475,0,0.000318323171478244,8.97834586220688e-05,6.529706081605e-05,0.000408106630100313,0.00111821216647486,0.000122431989030094,1.63242652040125e-05,0,0.000179566917244138,0.000212215447652163,0.000106107723826081,0,0,9.7945591224075e-05,0,0,0,0,0,0,0,0,0,0,0,0,0,"A4","CGGAGCCT+CTCTCTAT","DJ"
"A5",0.84392825993243,0.0288824950626071,0.013002636617911,0.00851136352244133,0.0564115930986777,0.00968430761210639,0.00963418179630873,0.00128322088441989,0.00497248092712709,0.00211530942666092,0.0036591845532286,0.00598502240623966,0.00354890775847377,0.00178447904239641,0.00071178658432666,0.0034286058005594,0,0.000210528426350139,0.000601509789571825,3.00754894785913e-05,0.000290729731626382,0.000150377447392956,9.02264684357738e-05,0.000551383973774173,0,6.01509789571825e-05,2.00503263190608e-05,0,4.01006526381217e-05,0,0,0.000320805221104973,0,4.01006526381217e-05,5.01258157976521e-05,0,0,0,0,0,0,0,0,0,0,0,0,0,0,0,0,0,"A5","TACGCTGC+CTCTCTAT","DJ"
"A6",0.594333445131203,0.264801239359238,0.0555475699934518,0.00699535240285564,0.000622873844089885,0.0446233210355677,0,0.0279175251145928,0.00191653490489196,0,0.00206027502275885,0.000255537987318927,0.000255537987318927,0,0,7.98556210371648e-05,0,0,0,0,0,0.00059093159567502,0,0,0,0,0,0,0,0,0,0,0,0,0,0,0,0,0,0,0,0,0,0,0,0,0,0,0,0,0,0,"A6","ATGCGCAG+CTCTCTAT","DJ"
"A7",0.670258119525618,0.166595612743198,0.0268002480427874,0.000290675141461902,0.000251918455933649,0.0782303697387799,0,0.0381172002170374,0.000542593597395551,0,0.00193783427641268,0.000833268738857453,0,0,0,0.000135648399348888,0,0,0,0.000135648399348888,0,0.0157158359817068,0,0,0,0,0.000155026742113014,0,0,0,0,0,0,0,0,0,0,0,0,0,0,0,0,0,0,0,0,0,0,0,0,0,"A7","TAGCGCTC+CTCTCTAT","DJ"
"A9",0.593421679320875,0.276300675202421,0.0947524724735943,0.00308183677471773,0.00112066791807918,0.0224693917574875,0.000476283865183649,0.00339002045218951,0.000784467542655423,0,0.00089653433446334,0.000588350656991567,0.000840500938559381,0.000336200375423753,0,0.000280166979519794,0,0,0,0,0,0.00126075140783907,0,0,0,0,0,0,0,0,0,0,0,0,0,0,0,0,0,0,0,0,0,0,0,0,0,0,0,0,0,0,"A9","CGATCAGT+CTCTCTAT","DJ"
"B1",0.290274574001042,0.0791973609147506,0.185232036113798,0.010293424609966,0.0169655480318476,0.327008457970583,0.00463824193268348,0.0630007192995511,0.00897884267182578,0.00597762730361882,0.000843316715033361,0.00111615447577945,0.00128977850534514,0.0022075055187638,0,0.00188506089242751,0,0,0,0,0,0,0,0,0,0,0,0,0,0,0,0.00109135104298435,0,0,0,0,0,0,0,0,0,0,0,0,0,0,0,0,0,0,0,0,"B1","TGCAGCTA+CTCTCTAT","DS"
"B2",0.473489794324104,0.0357561351233721,0.162219469461091,0.00145077951499325,0.0149988282165456,0.033490687111498,0.00671822513866104,0.242324818373565,0.00253328423002667,0.00855959913846016,0.00499960940551519,0.0024551653330655,0.00369390784202127,0.00238820627852735,0.0003571149575368,0.00109366455745645,0.000758869284765699,0,0,0.000680750387804524,0,0,0,0,0.0002231968484605,0.000546832278728224,0,0,0,0,0,0,0,0,0.000189717321191425,0,0,0.000613791333266374,0.000457553539344024,0,0,0,0,0,0,0,0,0,0,0,0,0,"B2","TCGACGTC+CTCTCTAT","DS"
"B3",0.69069640914037,0.0350924918389554,0.140369967355822,0.00537268770402612,0.032304134929271,0.0554270946681175,0.00700489662676823,0.00693688792165397,0.00598476605005441,0.00897714907508161,0.00176822633297062,0.00122415669205658,0.00231229597388466,0.00122415669205658,0.000476060935799782,0.00231229597388466,0,0.000136017410228509,0,0.00197225244831338,0,0,0,0,0,0,0,0,0.000408052230685528,0,0,0,0,0,0,0,0,0,0,0,0,0,0,0,0,0,0,0,0,0,0,0,"B3","ACTCGCTA+TATCCTCT","DS"
"B4",0.845295941505854,0.0248044796149752,0.0368827803230136,0.00236012772455921,0.00795964644361146,0.0685362580406312,0.00175852653986765,0.0024526817529733,0.00129575639779721,0.00198991161090286,0.00101809431255495,0.00055532417048452,0.000462770142070434,0.00041649312786339,0.000185108056828173,0,0,0,0,0,0,0.00379471516497756,0,0,0,0,0,0.000231385071035217,0,0,0,0,0,0,0,0,0,0,0,0,0,0,0,0,0,0,0,0,0,0,0,0,"B4","GGAGCTAC+TATCCTCT","DS"
"B5",0.329977440945616,0.313142047467233,0.042731696403602,0.134272983201894,0.00557451013293063,0.128474746909782,0.00671178477543487,0.00727110017338777,0.00309487853533941,0.00893040252064806,0.00339318008091429,0.00792363480433283,0.00298301545574883,0.00210675466562261,0.000279657698976453,0.000522027704756045,0.000205082312582732,0.000354233085370174,0,0.000167794619385872,0.000261013852378023,0,0.000242370005779592,0,0.000242370005779592,0.000242370005779592,0.000130506926189011,0,0.000372876931968604,0,0,0.000223726159181162,0,0.000167794619385872,0,0,0,0,0,0,0,0,0,0,0,0,0,0,0,0,0,0,"B5","GCGTAGTA+TATCCTCT","DS"
"B7",0.358363481278861,0.292802729492044,0.055501632400953,0.0825612518015236,0.0100885320156475,0.14747492573311,0.00652960381187682,0.0176181652401541,0.00382364187181976,0.0075296332245066,0.00541192388011412,0.0046766081355334,0.00182358304656019,0.00344127768463778,0.000352951557398747,0.000941204153063325,0,0.00055883996588135,0,0.000205888408482602,0.000117650519132916,0,0,0,0,0,0,0,0.000176475778699374,0,0,0,0,0,0,0,0,0,0,0,0,0,0,0,0,0,0,0,0,0,0,0,"B7","TACGCTGC+TATCCTCT","DS"
"B8",0.721368715083799,0.0275401536312849,0.111688198324022,0.00318610335195531,0.0175017458100559,0.0810055865921788,0.00737604748603352,0.00549930167597765,0.00362255586592179,0.00528107541899441,0.00384078212290503,0.000174581005586592,0.00427723463687151,0.00126571229050279,0,0.00240048882681564,0,0,0.000305516759776536,0.000829259776536313,0.000261871508379888,0.00100384078212291,0,0,0,0,0,0.000392807262569832,0,0.000261871508379888,0,0.000611033519553073,0,0,0,0,0.000305516759776536,0,0,0,0,0,0,0,0,0,0,0,0,0,0,0,"B8","ATGCGCAG+TATCCTCT","DS"
"B9",0.505276288729308,0.0603486059134891,0.107919490239709,0.00461885978220559,0.0156097232055561,0.0657428947102256,0.0083611476349415,0.216176123529213,0.0024274299585314,0.00212400121371498,0.00101142914938809,0.000910286234449277,0.00549543171167526,0.00161828663902094,0.000101142914938809,0.000640571794612454,0.000438285964734837,0,0,0.000303428744816426,0,0,0,0.000606857489632851,0,0,0,0,0,0,0,0,0,0,0,0,0.000269714439836823,0,0,0,0,0,0,0,0,0,0,0,0,0,0,0,"B9","TAGCGCTC+TATCCTCT","DS"
"B10",0.731991339458131,0.0230557668675756,0.0907016209257417,0.00169699806893323,0.0119375036573234,0.0445900871905904,0.00561764877991691,0.0674117853590029,0.00427175375972848,0.00421323658493768,0.00444730528410088,0.00122886067060682,0.00193106676809644,0.00286734156474925,0.000643688922698812,0.000936274796652818,0,0,0.000409620223535608,0,0,0,0,0.000643688922698812,0,0,0,0.000702206097489613,0.000702206097489613,0,0,0,0,0,0,0,0,0,0,0,0,0,0,0,0,0,0,0,0,0,0,0,"B10","ACTGAGCG+TATCCTCT","DS"
"C1",0.524206549118388,0.0283375314861461,0.0453778337531486,0.0817506297229219,0.077632241813602,0.0179596977329975,0.0723425692695214,0.0014735516372796,0.0631738035264484,0.0172670025188917,0.0218891687657431,0.0138035264483627,0.0071536523929471,0.00181360201511335,0.00283375314861461,0.0061712846347607,0.00404282115869018,0.0057808564231738,0.000503778337531486,0.000982367758186398,0.000113350125944584,8.81612090680101e-05,0.00141057934508816,0.000365239294710327,0.00035264483627204,0.000428211586901763,0.000113350125944584,0.000314861460957179,0.000151133501259446,0.000365239294710327,0.000730478589420655,0.000188916876574307,0.000730478589420655,0,2.51889168765743e-05,0.000125944584382872,0,0,0,0,0,0,0,0,0,0,0,0,0,0,0,0,"C1","CCTAAGAC+TATCCTCT","PN"
"C2",0.608996456956813,0.0544383797759265,0.0418821219955951,0.0340299722302021,0.0368428612467682,0.0100665517571579,0.0776955855597051,0.00554198984966006,0.0284401034185579,0.02665661208465,0.0180982476299914,0.0171526381308053,0.00963564109930097,0.00614047687446136,0.00414153021162501,0.00307622330747869,0.00213061380829264,0.00195106770085225,0.000359092214880781,0.00227425069424495,0.00132864119505889,0,0.00123288327109068,0.00222637173226084,0.000658335727281433,0.000921670018194006,0.000550608062817198,0.000418940917360912,0.000215455328928469,0.000490759360337068,0.0011490950876185,7.18184429761563e-05,8.37881834721823e-05,2.39394809920521e-05,0.000239394809920521,0.000203485588432443,0.000227425069424495,9.57579239682084e-05,4.78789619841042e-05,3.59092214880781e-05,8.37881834721823e-05,0,0,7.18184429761563e-05,0,7.18184429761563e-05,0,0,0,0,0,0,"C2","CGATCAGT+TATCCTCT","PN"
"C3",0.724002686688896,0.0992755535298774,0.0233765922229952,0.0142370523184686,0.0436826828507688,0.0109026794924077,0.0226809317053278,0.00883968623311824,0.01069877899585,0.00548132511334469,0.0110466092546837,0.00586513781274738,0.00403003334372826,0.00417396310600427,0.00297454842037086,0.00257874157411183,0.00145129176961643,0.000287859524552019,0.000887566867368724,0.000455777580540696,0.000767625398805383,0,0.000167918055988678,0.000359824405690023,0.00026387123083935,0.000383812699402692,4.79765874253364e-05,0.000227888790270348,0.00026387123083935,0.000371818552546357,0.000107947321707007,2.39882937126682e-05,8.39590279943388e-05,0,0,0,0,0,0,0,0,0,0,0,0,0,0,0,0,0,0,0,"C3","TGCAGCTA+TATCCTCT","PN"
"C4",0.425945315788906,0.0302134044321629,0.0458760160188254,0.0869593376582723,0.0822637924892866,0.00942347340810224,0.0583111149491046,0.000140326637234054,0.0851782688010708,0.0497188070076964,0.0541552876156345,0.00831165466694012,0.0164290109130946,0.0137628048056476,0.00712427542880582,0.00622834382184994,0.00213728262864175,0.00099308081734869,0.00197536727798707,0.00272017789099859,0.00381040791874008,8.63548536824948e-05,0.000863548536824948,0.00115499616800337,0.0011873792381343,0.000248270204337173,0.000323830701309355,0.000226681490916549,0.000615278332487775,0.000982286460638378,0.000982286460638378,4.31774268412474e-05,0.000561306548936216,0.000237475847626861,0.000334625058019667,0,0.000194298420785613,3.23830701309355e-05,0,6.47661402618711e-05,0,0,0,8.63548536824948e-05,7.55604969721829e-05,0,0,0,2.15887134206237e-05,0,0,0,"C4","TCGACGTC+TATCCTCT","PN"
"C6",0.372502276745058,0.0654765093480474,0.0234236888626989,0.0627444152782986,0.0451733004767772,0.00332136926126319,0.150827663791718,5.35704719558579e-05,0.0444500991053731,0.06259709648042,0.0133658327529866,0.0221647827717362,0.0344458134676167,0.0199282155675791,0.0341779611078374,0.00397760754272245,0.0132988696630417,0.00186157390046606,0.00626774521883538,0.00306690951947287,0.00293298333958322,0,0.00112497991107302,0.000616060427492366,0.00285262763164943,0.00105801682112819,0.00100444634917234,0.00156693630470884,0.00117855038302887,0.00038838592167997,0.000977661113194407,0.000294637595757219,0.000749986607382011,0.000495526865591686,0.000361600685702041,0.000281244977768254,5.35704719558579e-05,0.000147318797878609,4.01778539668934e-05,0.000241067123801361,0,0.000241067123801361,0,0,0.000133926179889645,0,9.37483259227514e-05,0,4.01778539668934e-05,0,0,0,"C6","GGAGCTAC+GTAAGGAG","PN"
"C9",0.411838644351854,0.136914876283141,0.013779939945532,0.0706920229976025,0.163078140639184,0.0075650008146924,0.0655012685924443,0.000488815437257047,0.0329834035520588,0.0120574474523405,0.0132212937315239,0.0152231093317195,0.0167361094946579,0.0132678475826913,0.0075650008146924,0.00288633877237494,0.00400363120039105,0.000837969321012081,0.0010474616512651,0.000372430809338703,0.00202509252577919,0,0.00169921556760783,0.000325876958171365,0.000349153883755034,0.000954353948930425,0.000931077023346756,0.00086124624659575,0.000675030841926398,0.000488815437257047,0.00020949233025302,0.000465538511673378,0.000162938479085682,0,0.000186215404669351,4.65538511673378e-05,0.00041898466050604,0,0,0,0,0,0,0,0,0,0,0.000139661553502013,0,0,0,0,"C9","TACGCTGC+GTAAGGAG","PN"
"C10",0.368943258719417,0.152972410203019,0.0214471629359708,0.0686413326392504,0.0771681415929203,0.0235918792295679,0.0779281624154086,0.00173867777199375,0.0475065070275898,0.0220093701197293,0.0179698073919833,0.0421134825611661,0.0206246746486205,0.0100780843310776,0.01147319104633,0.00640291514836023,0.0043623112961999,0.000978656949505466,0.00456012493492972,0.000707964601769912,0.00401874023945862,0.000843310775637689,0.00323789692868298,0.00200937011972931,0.000468505986465383,0.000655908381051536,0.00169703279541905,0.00094742321707444,0.00135346173867777,0.000780843310775638,0.000666319625195211,0.000468505986465383,0.000239458615304529,0.000635085892764185,3.12337324310255e-05,0.000124934929724102,0,0,0,8.32899531494013e-05,0,0,0.000364393545028631,4.16449765747007e-05,0,0,0,0,6.2467464862051e-05,0,5.20562207183758e-05,0,"C10","ATGCGCAG+GTAAGGAG","PN"
"D1",0.662963618659821,0.19723525419728,0.0262311528134313,0.0327520580685138,0.011064884482606,0.00879289486884424,0.0111091440205364,0.00340798442064265,0.00680121566197516,0.00464725148269452,0.0208314891859196,0.00146056475170399,0.00421940928270042,0.00486854917234664,0.000560620813785371,0.00172612197928654,8.8519075860848e-05,0,0.000250804048272403,0.000501608096544805,0.000191791331031837,0,0.000118025434481131,0,0,0,0,0,0,0,2.95063586202827e-05,0,0,0,0,0.000147531793101413,0,0,0,0,0,0,0,0,0,0,0,0,0,0,0,0,"D1","TAGCGCTC+GTAAGGAG","PC"
"D2",0.695982274741507,0.247725258493353,0.00387001477104874,0.0144608567208272,0.0021122599704579,0.000827178729689808,0.00642540620384047,0.00599704579025111,0.00355982274741507,0.001698670605613,0.00302806499261448,0.000265878877400295,0.00704579025110783,0.00186115214180207,0.000295420974889217,0.00251107828655835,0.000236336779911374,8.86262924667651e-05,0,0.001698670605613,0.000132939438700148,2.95420974889217e-05,0,0,0,0,0,0.000103397341211226,0,0,4.43131462333826e-05,0,0,0,0,0,0,0,0,0,0,0,0,0,0,0,0,0,0,0,0,0,"D2","ACTGAGCG+GTAAGGAG","PC"
"D3",0.537894070882026,0.0712998221383978,0.0617502059135998,0.0392966707650436,0.0492760197199575,0.0222147947429363,0.0769460327313096,0.00259033340097645,0.0177145380970002,0.0342234371456197,0.00781874828405334,0.0208539744309026,0.014205054134387,0.00339011375980328,0.0056342735726308,0.0184307593138601,0.00416602007806811,0.000513291872082891,0.00201735642748857,0.00065653611545486,0.0014205054134387,0.000202929344776957,0.00174280496102563,0.000334236567867929,0.00124145010922374,0.000537165912644886,0.000954961622479797,8.35591419669822e-05,0.000143244243371969,9.54961622479797e-05,0.000322299547586931,0,0.00108626884557077,0.000286488486743939,0,0.000370047628710921,0,0,0,3.58110608429924e-05,0.000190992324495959,0,0,0,0,0,0,0,0,5.96851014049873e-05,0,0,"D3","CCTAAGAC+GTAAGGAG","PC"
"D4",0.714242874814139,0.0887134057201404,0.0141691552234703,0.0276385990778804,0.0360851148901078,0.0052853198055802,0.0175802481476391,0.0178676296027888,0.0125448252595804,0.00597253632876438,0.0287756300526033,0.00552272187722564,0.00608498994164907,0.00223657741181763,0.000924618594829633,0.0118076293528919,0.000412329913910512,0.000562268064423425,0.000262391763397599,0.000174927842265066,3.74845376282284e-05,7.49690752564567e-05,0.000562268064423425,0.000474804143290893,0.000249896917521522,0.00038734022215836,0.000462309297414816,0,0.000287381455149751,0,0,0.000199917534017218,0,0.000262391763397599,0,0,0,0,0,0,0.000137443304636837,0,0,0,0,0,0,0,0,0,0,0,"D4","CGATCAGT+GTAAGGAG","PC"
"D6",0.597047924901186,0.0618577075098814,0.0162178853754941,0.153421442687747,0.0907608695652174,0.00486660079051383,0.0166378458498024,0.000802865612648221,0.0187129446640316,0.00444664031620553,0.0187623517786561,0.00391551383399209,0.00421195652173913,0.0012104743083004,0.00024703557312253,0.00244565217391304,0.000592885375494071,0.00139575098814229,0.000123517786561265,0.000296442687747036,7.41106719367589e-05,0,0.000691699604743083,0.00020998023715415,0.000135869565217391,0.00024703557312253,8.64624505928854e-05,0.000308794466403162,0,0.000123517786561265,4.94071146245059e-05,0,0,0,2.4703557312253e-05,0,3.70553359683794e-05,3.70553359683794e-05,0,0,0,0,0,0,0,0,0,0,0,0,0,0,"D6","TCGACGTC+GTAAGGAG","PC"
"D8",0.563270128005742,0.0471497786816605,0.015148343103242,0.219538820433066,0.0220570642421342,0.00717789209235555,0.0279638712764685,0.001211269290585,0.0381475056824979,0.013323962196435,0.0253020696255533,0.00453104438329944,0.00447122861586314,0.00254217011604259,0.00171970331379352,0.00255712405790166,0.000284124895322407,0.000852374685967221,0.000149539418590741,0.000403756430194999,0.000239263069745185,0,0.00047852613949037,0.000523387965067592,0,7.47697092953703e-05,2.99078837181481e-05,0,0,0.000373848546476851,0.000314032779040555,0,0,0,0.000164493360449815,0,0,0,0,0,0,0,0,0,0,0,0,0,0,0,0,0,"D8","GGAGCTAC+ACTGCATA","PC"
"D9",0.410340448195338,0.122782580195829,0.0139088041296243,0.0634192306116596,0.0493670367487402,0.00294973165635626,0.110225736408702,0.000327747961817362,0.0711827604572084,0.0472981277397681,0.0307058871727641,0.00739481338850424,0.0115121471588349,0.0202794051374493,0.0118194108730386,0.00467040845589741,0.00503912491294195,0.00137244459011021,0.0030316686468106,0.00297021590396985,0.00196648777090417,0,0.000696464418861895,0.000430169199885288,0.000491621942726044,0.00147486582817813,0.000471137695112459,0.00135196034249662,0.000307263714203777,0.000901306894997747,0.000348232209430948,0,0.000184358228522266,0.000163873980908681,0.000245810971363022,0,0,0,0.000163873980908681,0,0,0.000143389733295096,0,0,0,0,6.14527428407555e-05,0,0,0,0,0,"D9","GCGTAGTA+ACTGCATA","PC"
"D10",0.480076163567403,0.0805859680911506,0.0172750026872226,0.123474041429295,0.0765321007938823,0.00792346789920612,0.0613454539870706,0.000245688927107166,0.0467576739400826,0.0249220705434332,0.0213442255424351,0.0108870905824363,0.0123612241450793,0.00985826820017505,0.00749351227676858,0.00433026734026381,0.00328608940005835,0.00155091135236399,0.00158162246825238,0.00135128909908942,0.00087526680281928,4.60666738325937e-05,0.000936689034596072,0.000445311180381739,0.000414600064493343,0.000598866759823718,0.000383888948604948,0.000783133455154093,0.000429955622437541,0.000307111158883958,0.000675644549544708,0,0.000199622253274573,6.14222317767916e-05,0.000476022296270135,0,0,0,0,3.07111158883958e-05,0,0,0,0,0,0.000122844463553583,0,0,0,0,0,3.07111158883958e-05,"D10","CGGAGCCT+ACTGCATA","PC"
